App,Category,Rating,Reviews,Size,Installs,Type,Price,Content Rating,Current Ver
App_1,MEDICAL,1.7,119889,83M,"100,000+",Free,$0,Everyone,4.2
App_2,FINANCE,,321889,38M,"50,000+",Free,$0,Everyone,2.5
App_3,PRODUCTIVITY,2.2,156740,92M,"1,000,000+",Free,$0,Teen,2.2
App_4,BUSINESS,3.4,273548,7M,"5,000,000+",Free,$0,Teen,4.1
App_5,FAMILY,1.4,124253,60M,"1,000,000+",Free,$0,Everyone 10+,1.3
App_6,FAMILY,2.2,208271,4M,"5,000,000+",Free,$0,Teen,2.3
App_7,FINANCE,2.3,40407,62M,"5,000,000+",Free,$0,Teen,4.8
App_8,BUSINESS,2.1,38054,65M,"1,000+",Free,$0,Mature 17+,4.7
App_9,MEDICAL,3.8,13996,5M,"50,000+",Free,$0,Everyone,1.7
App_10,BUSINESS,1.3,297376,37M,"100,000+",Free,$0,Teen,1.2
App_11,PRODUCTIVITY,4.4,15000000,14M,"100,000+",Free,$0,Everyone 10+,4.2
App_12,MEDICAL,2.9,185350,94M,"5,000,000+",Free,$0,Everyone,1.3
App_13,PRODUCTIVITY,,337604,28M,"50,000+",Free,$0,Teen,2.3
App_14,FINANCE,2.3,75776,62M,"1,000+",Free,$0,Everyone 10+,4.8
App_15,TOOLS,,21969,62M,"5,000,000+",Free,$0,Teen,3.5
App_16,GAME,1.3,39363,39M,"50,000+",Free,$0,Everyone,1.0
App_17,FAMILY,1.2,352238,1M,"100,000+",Free,$0,Everyone,4.5
App_18,MEDICAL,4.0,381060,38M,"5,000,000+",Free,$0,Teen,3.0
App_19,GAME,1.7,15718,59M,"1,000,000+",Paid,$10.72,Everyone 10+,3.3
App_20,GAME,2.5,362843,11M,"1,000,000+",Free,$0,Teen,2.2
App_21,MEDICAL,4.3,107522,2M,"1,000+",Paid,$18.04,Everyone,3.8
App_22,GAME,3.9,66700,54M,"1,000+",Free,$0,Everyone 10+,4.5
App_23,BUSINESS,2.5,300514,93M,"50,000+",Free,$0,Teen,3.8
App_24,BUSINESS,1.9,353566,8M,"100,000+",Free,$0,Everyone,3.2
App_25,FINANCE,2.0,473135,51M,"100,000+",Free,$0,Everyone,4.0
App_26,PRODUCTIVITY,3.0,22000000,Varies with device,"1,000+",Paid,$19.89,Teen,1.5
App_27,TOOLS,4.8,265574,53M,"100,000+",Free,$0,Mature 17+,1.6
App_28,GAME,1.7,165666,54M,"50,000+",Free,$0,Teen,4.5
App_29,MEDICAL,3.1,230795,33M,"1,000+",Free,$0,Mature 17+,2.6
App_30,FAMILY,4.5,139798,Varies with device,"1,000+",Free,$0,Mature 17+,4.2
App_31,MEDICAL,,32107,Varies with device,"100,000+",Free,$0,Everyone 10+,2.5
App_32,GAME,,389967,60M,"5,000,000+",Free,$0,Everyone,4.4
App_33,MEDICAL,,197494,94M,"100,000+",Free,$0,Mature 17+,2.2
App_34,GAME,2.7,103491,Varies with device,"5,000,000+",Free,$0,Teen,1.4
App_35,GAME,1.6,177257,48M,"1,000+",Free,$0,Everyone,1.6
App_36,MEDICAL,3.9,466892,16M,"100,000+",Free,$0,Everyone,4.4
App_37,MEDICAL,,489207,69M,"1,000,000+",Paid,$15.49,Everyone,1.4
App_38,MEDICAL,,210687,34M,"1,000,000+",Free,$0,Teen,4.0
App_39,PRODUCTIVITY,3.5,188761,92M,"100,000+",Free,$0,Mature 17+,4.0
App_40,GAME,4.3,365845,33M,"50,000+",Free,$0,Everyone,3.1
App_41,PRODUCTIVITY,,100396,90M,"5,000,000+",Free,$0,Teen,3.8
App_42,MEDICAL,,351742,75M,"5,000,000+",Paid,$8.93,Everyone,2.4
App_43,GAME,3.3,345196,82M,"1,000+",Free,$0,Mature 17+,4.4
App_44,BUSINESS,4.0,112866,30M,"1,000+",Free,$0,Mature 17+,2.2
App_45,GAME,,195014,76M,"1,000+",Free,$0,Teen,4.2
App_46,FAMILY,2.8,102805,85M,"1,000,000+",Free,$0,Mature 17+,1.4
App_47,FAMILY,5.0,365187,87M,"5,000,000+",Free,$0,Teen,1.0
App_48,PRODUCTIVITY,2.7,181425,Varies with device,"50,000+",Free,$0,Teen,1.5
App_49,TOOLS,4.5,476511,71M,"1,000+",Free,$0,Mature 17+,3.2
App_50,PRODUCTIVITY,3.8,287443,39M,"100,000+",Free,$0,Teen,2.3
App_51,BUSINESS,4.3,305072,77M,"1,000,000+",Free,$0,Everyone 10+,1.7
App_52,GAME,4.9,298549,45M,"5,000,000+",Free,$0,Mature 17+,3.4
App_53,BUSINESS,4.9,114075,49M,"1,000+",Free,$0,Teen,3.8
App_54,TOOLS,4.8,21457,24M,"1,000,000+",Free,$0,Teen,2.7
App_55,FAMILY,2.1,496494,64M,"100,000+",Free,$0,Everyone,1.3
App_56,PRODUCTIVITY,1.7,165431,Varies with device,"50,000+",Free,$0,Everyone,2.7
App_57,FINANCE,1.2,1025,65M,"50,000+",Free,$0,Everyone,2.8
App_58,FINANCE,3.3,151466,99M,"1,000+",Paid,$2.42,Mature 17+,3.4
App_59,FINANCE,3.3,200254,74M,"100,000+",Free,$0,Teen,1.2
App_60,PRODUCTIVITY,1.9,299898,34M,"1,000,000+",Free,$0,Everyone 10+,2.5
App_61,FINANCE,2.2,436170,5M,"100,000+",Free,$0,Mature 17+,3.4
App_62,PRODUCTIVITY,4.2,321648,98M,"50,000+",Free,$0,Teen,3.1
App_63,BUSINESS,2.8,304472,51M,"1,000+",Free,$0,Mature 17+,1.0
App_64,BUSINESS,,364622,53M,"50,000+",Free,$0,Everyone 10+,3.2
App_65,MEDICAL,1.5,202856,16M,"1,000,000+",Free,$0,Mature 17+,4.2
App_66,TOOLS,1.7,121475,21M,"5,000,000+",Free,$0,Teen,1.5
App_67,GAME,2.4,224311,78M,"50,000+",Free,$0,Everyone,3.8
App_68,FINANCE,,186727,48M,"5,000,000+",Paid,$17.49,Mature 17+,1.3
App_69,MEDICAL,4.7,139799,87M,"50,000+",Free,$0,Teen,3.6
App_70,TOOLS,3.0,38648,Varies with device,"50,000+",Free,$0,Everyone 10+,4.8
App_71,MEDICAL,1.1,247746,86M,"50,000+",Free,$0,Everyone,4.8
App_72,BUSINESS,3.6,386203,Varies with device,"50,000+",Free,$0,Mature 17+,3.8
App_73,PRODUCTIVITY,3.6,427755,59M,"5,000,000+",Free,$0,Everyone,2.4
App_74,FINANCE,3.0,470375,62M,"1,000+",Paid,$10.96,Mature 17+,4.5
App_75,FAMILY,4.7,218968,94M,"100,000+",Free,$0,Teen,4.2
App_76,PRODUCTIVITY,1.7,304255,84M,"1,000+",Free,$0,Mature 17+,2.5
App_77,PRODUCTIVITY,4.7,367446,33M,"50,000+",Free,$0,Everyone,4.1
App_78,PRODUCTIVITY,1.4,132424,17M,"1,000+",Free,$0,Mature 17+,3.0
App_79,PRODUCTIVITY,4.9,127319,75M,"1,000+",Free,$0,Everyone 10+,4.5
App_80,BUSINESS,1.6,435058,60M,"100,000+",Free,$0,Everyone,2.3
App_81,GAME,2.6,305457,14M,"100,000+",Free,$0,Everyone,3.0
App_82,GAME,2.6,411607,Varies with device,"100,000+",Free,$0,Teen,3.2
App_83,FAMILY,4.2,333478,94M,"100,000+",Free,$0,Teen,1.4
App_84,TOOLS,1.1,281183,5M,"100,000+",Free,$0,Teen,3.3
App_85,PRODUCTIVITY,2.6,232614,29M,"1,000,000+",Free,$0,Teen,
App_86,TOOLS,3.2,386868,20M,"100,000+",Free,$0,Mature 17+,4.6
App_87,MEDICAL,3.5,469219,62M,"50,000+",Free,$0,Everyone 10+,3.3
App_88,BUSINESS,1.1,136,92M,"50,000+",Paid,$2.46,Teen,2.6
App_89,GAME,,429470,36M,"1,000+",Free,$0,Teen,4.4
App_90,MEDICAL,,490642,57M,"5,000,000+",Free,$0,Everyone 10+,1.5
App_91,FAMILY,2.9,298522,59M,"1,000,000+",Free,$0,Teen,3.3
App_92,FINANCE,,308394,63M,"100,000+",Free,$0,Mature 17+,1.6
App_93,GAME,1.6,315007,63M,"5,000,000+",Free,$0,Everyone 10+,1.6
App_94,TOOLS,4.6,264233,49M,"5,000,000+",Free,$0,Mature 17+,2.0
App_95,FINANCE,3.1,137727,94M,"100,000+",Free,$0,Everyone,3.6
App_96,TOOLS,2.1,337783,97M,"1,000,000+",Free,$0,Everyone 10+,1.8
App_97,MEDICAL,1.8,63240,Varies with device,"1,000+",Free,$0,Everyone 10+,4.7
App_98,FAMILY,5.0,206121,16M,"1,000,000+",Free,$0,Teen,3.6
App_99,FAMILY,,254736,85M,"100,000+",Paid,$17.64,Everyone,2.0
App_100,MEDICAL,2.3,146440,87M,"1,000,000+",Free,$0,Everyone,2.8
App_101,FAMILY,1.9,257539,24M,"1,000+",Free,$0,Mature 17+,3.0
App_102,FAMILY,,2583,66M,"5,000,000+",Free,$0,Everyone,3.3
App_103,FAMILY,1.7,388832,70M,"50,000+",Free,$0,Teen,2.1
App_104,GAME,3.0,471637,86M,"5,000,000+",Free,$0,Everyone 10+,4.1
App_105,BUSINESS,3.0,224147,26M,"5,000,000+",Free,$0,Teen,2.5
App_106,TOOLS,1.4,480636,21M,"100,000+",Free,$0,Mature 17+,3.6
App_107,TOOLS,2.6,461473,69M,"1,000+",Free,$0,Everyone 10+,3.3
App_108,TOOLS,4.8,38900,26M,"50,000+",Paid,$2.42,Everyone,1.7
App_109,FAMILY,1.3,28155,44M,"100,000+",Free,$0,Teen,1.0
App_110,PRODUCTIVITY,3.8,259578,62M,"100,000+",Free,$0,Everyone,1.5
App_111,FINANCE,4.6,251157,26M,"1,000+",Free,$0,Everyone 10+,
App_112,MEDICAL,3.2,281695,14M,"5,000,000+",Free,$0,Everyone 10+,2.6
App_113,PRODUCTIVITY,4.4,287664,59M,"50,000+",Free,$0,Teen,3.1
App_114,TOOLS,2.4,151744,39M,"1,000+",Free,$0,Teen,2.0
App_115,PRODUCTIVITY,1.9,467264,34M,"100,000+",Free,$0,Everyone,4.2
App_116,TOOLS,2.4,422855,Varies with device,"5,000,000+",Free,$0,Mature 17+,3.8
App_117,FAMILY,,286728,5M,"1,000+",Free,$0,Everyone 10+,4.1
App_118,BUSINESS,3.4,188857,Varies with device,"1,000+",Paid,$8.43,Mature 17+,2.4
App_119,PRODUCTIVITY,3.4,131888,46M,"100,000+",Free,$0,Teen,4.3
App_120,TOOLS,4.4,431423,74M,"100,000+",Free,$0,Teen,
App_121,FAMILY,2.4,444174,87M,"1,000+",Free,$0,Mature 17+,1.2
App_122,FAMILY,5.0,417804,13M,"5,000,000+",Free,$0,Everyone,1.1
App_123,TOOLS,2.1,491046,25M,"50,000+",Free,$0,Everyone,1.4
App_124,TOOLS,,25569,38M,"100,000+",Free,$0,Teen,1.4
App_125,PRODUCTIVITY,3.0,377159,58M,"100,000+",Free,$0,Teen,1.0
App_126,FINANCE,4.5,198757,59M,"1,000+",Free,$0,Everyone,2.3
App_127,MEDICAL,1.8,194702,58M,"1,000+",Paid,$16.68,Teen,1.6
App_128,MEDICAL,,126219,93M,"1,000,000+",Paid,$6.44,Teen,1.0
App_129,MEDICAL,1.0,326006,70M,"100,000+",Free,$0,Teen,2.4
App_130,PRODUCTIVITY,1.7,438765,Varies with device,"100,000+",Free,$0,Mature 17+,2.5
App_131,GAME,,470145,Varies with device,"50,000+",Free,$0,Everyone 10+,4.2
App_132,BUSINESS,1.1,123796,79M,"100,000+",Free,$0,Everyone 10+,2.1
App_133,PRODUCTIVITY,1.4,359922,29M,"5,000,000+",Free,$0,Mature 17+,2.3
App_134,FINANCE,4.5,437639,92M,"5,000,000+",Free,$0,Mature 17+,4.5
App_135,TOOLS,4.9,138506,38M,"50,000+",Free,$0,Mature 17+,4.1
App_136,MEDICAL,3.2,283717,17M,"5,000,000+",Free,$0,Everyone 10+,2.3
App_137,MEDICAL,1.5,238270,3M,"1,000,000+",Free,$0,Everyone,
App_138,MEDICAL,3.7,34541,48M,"1,000+",Free,$0,Teen,1.1
App_139,TOOLS,1.6,254235,82M,"100,000+",Free,$0,Everyone,1.7
App_140,TOOLS,1.4,436634,46M,"1,000,000+",Free,$0,Teen,2.0
App_141,FAMILY,4.5,477095,Varies with device,"1,000,000+",Free,$0,Everyone 10+,3.1
App_142,MEDICAL,1.7,324922,61M,"100,000+",Free,$0,Everyone,3.8
App_143,FAMILY,4.8,259941,62M,"100,000+",Free,$0,Everyone 10+,4.5
App_144,FAMILY,2.9,449672,14M,"100,000+",Free,$0,Mature 17+,1.8
App_145,PRODUCTIVITY,2.3,385783,8M,"5,000,000+",Free,$0,Everyone 10+,
App_146,BUSINESS,3.9,262815,56M,"1,000+",Free,$0,Mature 17+,3.5
App_147,MEDICAL,4.4,465767,58M,"5,000,000+",Free,$0,Everyone,4.3
App_148,BUSINESS,,378554,36M,"50,000+",Free,$0,Mature 17+,3.1
App_149,BUSINESS,2.1,279932,12M,"100,000+",Free,$0,Mature 17+,1.2
App_150,FAMILY,4.6,404787,78M,"50,000+",Free,$0,Everyone,1.5
App_151,BUSINESS,3.4,297200,2M,"1,000+",Free,$0,Everyone,3.4
App_152,PRODUCTIVITY,4.1,61377,23M,"100,000+",Free,$0,Teen,2.8
App_153,GAME,3.4,416725,64M,"1,000,000+",Free,$0,Everyone 10+,1.4
App_154,GAME,4.2,116901,6M,"1,000,000+",Free,$0,Mature 17+,2.8
App_155,MEDICAL,1.2,474122,70M,"5,000,000+",Free,$0,Everyone,3.3
App_156,PRODUCTIVITY,3.7,196743,50M,"5,000,000+",Free,$0,Everyone 10+,3.1
App_157,MEDICAL,1.6,285065,52M,"50,000+",Free,$0,Everyone 10+,1.0
App_158,MEDICAL,2.8,430606,47M,"50,000+",Free,$0,Everyone 10+,2.1
App_159,FAMILY,4.5,228081,91M,"1,000+",Free,$0,Everyone,3.4
App_160,PRODUCTIVITY,2.4,462795,70M,"1,000+",Free,$0,Everyone,1.4
App_161,PRODUCTIVITY,1.4,376198,4M,"100,000+",Free,$0,Teen,3.2
App_162,PRODUCTIVITY,1.5,238399,85M,"1,000+",Free,$0,Everyone 10+,3.8
App_163,GAME,2.5,415669,Varies with device,"100,000+",Free,$0,Teen,2.8
App_164,TOOLS,4.8,240079,93M,"50,000+",Paid,$3.82,Mature 17+,4.3
App_165,MEDICAL,3.2,212791,43M,"5,000,000+",Free,$0,Everyone 10+,
App_166,MEDICAL,,301464,75M,"100,000+",Paid,$18.74,Teen,2.3
App_167,PRODUCTIVITY,2.2,203512,8M,"50,000+",Free,$0,Teen,1.3
App_168,FAMILY,1.7,376168,39M,"5,000,000+",Free,$0,Everyone 10+,2.7
App_169,BUSINESS,1.3,321343,45M,"50,000+",Paid,$1.04,Teen,2.8
App_170,FAMILY,3.4,76163,42M,"1,000+",Free,$0,Everyone,4.2
App_171,BUSINESS,3.7,327835,74M,"1,000+",Free,$0,Everyone,3.1
App_172,GAME,1.4,339385,35M,"1,000,000+",Free,$0,Everyone 10+,2.8
App_173,FINANCE,2.1,4368,67M,"50,000+",Free,$0,Everyone 10+,3.6
App_174,BUSINESS,3.4,296047,39M,"5,000,000+",Paid,$2.62,Everyone,1.7
App_175,GAME,2.4,377549,60M,"50,000+",Free,$0,Mature 17+,1.7
App_176,FINANCE,3.7,499509,3M,"50,000+",Free,$0,Teen,3.1
App_177,MEDICAL,1.2,175925,Varies with device,"5,000,000+",Free,$0,Everyone 10+,3.8
App_178,MEDICAL,2.4,151185,16M,"5,000,000+",Paid,$19.5,Teen,4.7
App_179,BUSINESS,3.7,144477,82M,"1,000+",Free,$0,Mature 17+,2.3
App_180,GAME,2.4,215410,Varies with device,"100,000+",Free,$0,Everyone,4.6
App_181,FAMILY,3.1,345516,15M,"1,000,000+",Free,$0,Teen,1.5
App_182,FAMILY,3.7,45043,6M,"100,000+",Free,$0,Mature 17+,3.4
App_183,TOOLS,3.8,130523,82M,"50,000+",Free,$0,Everyone,1.3
App_184,MEDICAL,3.4,168767,52M,"100,000+",Free,$0,Teen,1.1
App_185,PRODUCTIVITY,,148002,45M,"1,000,000+",Free,$0,Mature 17+,1.3
App_186,FAMILY,4.4,379561,2M,"1,000,000+",Free,$0,Everyone 10+,3.1
App_187,FAMILY,2.9,443067,Varies with device,"1,000+",Free,$0,Everyone,1.2
App_188,MEDICAL,1.2,97549,40M,"1,000+",Free,$0,Mature 17+,4.3
App_189,BUSINESS,3.9,435694,62M,"5,000,000+",Free,$0,Everyone 10+,2.6
App_190,PRODUCTIVITY,4.9,193728,91M,"5,000,000+",Paid,$5.93,Teen,4.6
App_191,PRODUCTIVITY,1.0,483579,53M,"50,000+",Paid,$1.8,Everyone,4.4
App_192,BUSINESS,1.6,10759,52M,"1,000,000+",Free,$0,Everyone 10+,4.5
App_193,FAMILY,4.6,53362,9M,"1,000+",Free,$0,Mature 17+,1.1
App_194,FAMILY,4.1,253221,34M,"100,000+",Free,$0,Everyone,4.6
App_195,PRODUCTIVITY,3.9,63946,8M,"5,000,000+",Paid,$15.17,Everyone,4.2
App_196,GAME,4.0,438083,11M,"1,000,000+",Free,$0,Everyone 10+,3.4
App_197,PRODUCTIVITY,4.1,136521,96M,"1,000,000+",Free,$0,Mature 17+,1.8
App_198,FAMILY,1.0,182061,78M,"1,000+",Free,$0,Teen,3.1
App_199,FAMILY,2.2,480753,13M,"5,000,000+",Free,$0,Mature 17+,4.1
App_200,TOOLS,,387354,55M,"1,000+",Free,$0,Everyone 10+,2.8
App_201,FAMILY,2.0,177886,51M,"1,000+",Free,$0,Everyone 10+,2.6
App_202,MEDICAL,4.7,187931,21M,"1,000,000+",Paid,$7.07,Teen,2.1
App_203,FAMILY,3.9,155940,79M,"100,000+",Free,$0,Mature 17+,3.4
App_204,PRODUCTIVITY,3.4,411263,29M,"1,000,000+",Free,$0,Mature 17+,4.7
App_205,GAME,4.5,300941,Varies with device,"50,000+",Free,$0,Everyone,4.6
App_206,TOOLS,2.4,431126,36M,"50,000+",Free,$0,Teen,2.8
App_207,FAMILY,3.7,167833,70M,"100,000+",Free,$0,Mature 17+,4.3
App_208,FAMILY,3.4,198446,54M,"5,000,000+",Paid,$4.16,Mature 17+,4.0
App_209,MEDICAL,3.0,69132,Varies with device,"50,000+",Free,$0,Mature 17+,4.1
App_210,FINANCE,2.1,421957,63M,"100,000+",Paid,$7.34,Teen,1.3
App_211,TOOLS,1.6,291008,97M,"50,000+",Free,$0,Everyone,3.8
App_212,BUSINESS,1.7,438479,47M,"100,000+",Free,$0,Everyone 10+,3.6
App_213,GAME,1.8,226886,3M,"5,000,000+",Free,$0,Teen,1.5
App_214,GAME,4.1,454556,46M,"50,000+",Free,$0,Everyone,4.0
App_215,PRODUCTIVITY,2.9,245327,39M,"50,000+",Free,$0,Mature 17+,2.8
App_216,FINANCE,1.5,138818,24M,"1,000+",Free,$0,Teen,2.5
App_217,BUSINESS,2.1,74007,80M,"50,000+",Free,$0,Teen,1.3
App_218,TOOLS,,280835,21M,"1,000,000+",Free,$0,Everyone 10+,3.1
App_219,TOOLS,3.2,235728,26M,"1,000,000+",Free,$0,Teen,2.4
App_220,FAMILY,3.9,122798,19M,"100,000+",Free,$0,Mature 17+,1.8
App_221,GAME,1.9,481779,Varies with device,"1,000+",Free,$0,Everyone,4.8
App_222,MEDICAL,3.2,259023,98M,"1,000+",Free,$0,Everyone,4.8
App_223,FAMILY,,208025,39M,"1,000,000+",Paid,$10.73,Mature 17+,3.2
App_224,MEDICAL,2.4,280862,68M,"1,000,000+",Free,$0,Mature 17+,3.5
App_225,BUSINESS,2.0,289778,28M,"50,000+",Free,$0,Teen,2.2
App_226,BUSINESS,3.0,21263,23M,"1,000+",Free,$0,Everyone 10+,3.7
App_227,BUSINESS,2.1,33253,85M,"1,000+",Free,$0,Mature 17+,2.3
App_228,FINANCE,2.3,6540,27M,"50,000+",Free,$0,Teen,1.6
App_229,PRODUCTIVITY,4.3,221806,70M,"100,000+",Free,$0,Mature 17+,3.0
App_230,MEDICAL,1.5,377511,4M,"1,000,000+",Free,$0,Everyone 10+,4.4
App_231,GAME,,288973,34M,"50,000+",Paid,$14.89,Everyone,1.3
App_232,FINANCE,3.8,81845,66M,"1,000,000+",Free,$0,Everyone,2.2
App_233,BUSINESS,1.7,429342,90M,"1,000+",Free,$0,Mature 17+,3.1
App_234,FAMILY,2.7,435081,69M,"1,000,000+",Free,$0,Everyone 10+,1.3
App_235,PRODUCTIVITY,2.3,205745,Varies with device,"1,000+",Free,$0,Everyone,3.2
App_236,BUSINESS,1.9,112792,99M,"1,000+",Free,$0,Teen,4.0
App_237,MEDICAL,1.2,187608,97M,"100,000+",Paid,$4.2,Teen,2.3
App_238,PRODUCTIVITY,2.5,497191,84M,"1,000+",Paid,$15.05,Teen,2.8
App_239,TOOLS,4.3,415004,84M,"5,000,000+",Free,$0,Everyone 10+,4.6
App_240,GAME,4.5,135575,53M,"5,000,000+",Paid,$5.99,Everyone,
App_241,BUSINESS,3.4,142322,94M,"1,000+",Paid,$18.15,Mature 17+,1.5
App_242,GAME,3.5,285721,48M,"1,000,000+",Free,$0,Mature 17+,1.4
App_243,PRODUCTIVITY,1.9,401077,73M,"5,000,000+",Paid,$17.49,Teen,1.7
App_244,PRODUCTIVITY,1.3,137663,47M,"1,000+",Free,$0,Mature 17+,4.4
App_245,TOOLS,4.2,340156,71M,"1,000,000+",Paid,$8.3,Everyone,4.1
App_246,FAMILY,4.9,163409,6M,"1,000+",Paid,$1.75,Teen,
App_247,TOOLS,4.9,206950,99M,"100,000+",Free,$0,Mature 17+,1.5
App_248,GAME,,320711,20M,"1,000,000+",Free,$0,Everyone 10+,1.5
App_249,FINANCE,4.3,70458,88M,"5,000,000+",Free,$0,Everyone 10+,3.2
App_250,TOOLS,2.1,192522,19M,"1,000,000+",Free,$0,Everyone,4.0
App_251,PRODUCTIVITY,4.8,343502,Varies with device,"100,000+",Paid,$14.62,Everyone 10+,3.3
App_252,FAMILY,3.7,265898,82M,"5,000,000+",Paid,$8.95,Mature 17+,4.2
App_253,MEDICAL,2.7,429862,66M,"100,000+",Free,$0,Teen,3.5
App_254,GAME,4.5,412765,2M,"5,000,000+",Paid,$11.14,Mature 17+,1.2
App_255,TOOLS,3.3,162787,62M,"1,000+",Free,$0,Everyone,1.5
App_256,BUSINESS,4.4,383405,73M,"5,000,000+",Free,$0,Teen,2.2
App_257,TOOLS,4.7,330824,Varies with device,"100,000+",Free,$0,Teen,2.3
App_258,BUSINESS,2.5,481729,7M,"1,000,000+",Paid,$15.47,Everyone 10+,1.1
App_259,BUSINESS,,44024,Varies with device,"100,000+",Free,$0,Teen,4.1
App_260,BUSINESS,3.2,148520,50M,"5,000,000+",Free,$0,Mature 17+,3.3
App_261,FAMILY,,309247,91M,"50,000+",Free,$0,Teen,3.4
App_262,FINANCE,4.3,153134,35M,"1,000,000+",Free,$0,Everyone,1.3
App_263,GAME,2.4,110669,49M,"5,000,000+",Free,$0,Teen,3.2
App_264,TOOLS,2.0,187964,85M,"1,000,000+",Free,$0,Everyone 10+,3.0
App_265,BUSINESS,5.0,37782,11M,"1,000,000+",Free,$0,Everyone,2.7
App_266,FINANCE,3.5,77998,8M,"1,000,000+",Free,$0,Everyone,3.4
App_267,FAMILY,3.1,412821,Varies with device,"100,000+",Free,$0,Everyone,4.8
App_268,FINANCE,,13903,19M,"50,000+",Free,$0,Mature 17+,2.6
App_269,FAMILY,3.1,384967,15M,"100,000+",Free,$0,Everyone,1.2
App_270,PRODUCTIVITY,2.6,18364,4M,"5,000,000+",Free,$0,Everyone 10+,4.0
App_271,GAME,4.6,342172,67M,"100,000+",Paid,$19.45,Everyone,4.1
App_272,FINANCE,3.9,118335,64M,"5,000,000+",Free,$0,Teen,3.7
App_273,FINANCE,1.0,77852,26M,"1,000+",Paid,$1.03,Everyone 10+,1.4
App_274,GAME,,217238,5M,"1,000,000+",Free,$0,Everyone 10+,3.1
App_275,MEDICAL,,339218,78M,"1,000,000+",Free,$0,Teen,4.2
App_276,FINANCE,4.8,218411,Varies with device,"100,000+",Free,$0,Mature 17+,1.6
App_277,FAMILY,3.8,236741,90M,"5,000,000+",Free,$0,Everyone 10+,3.2
App_278,MEDICAL,2.6,451620,Varies with device,"5,000,000+",Free,$0,Everyone,1.4
App_279,TOOLS,3.6,423976,23M,"50,000+",Free,$0,Mature 17+,4.1
App_280,FINANCE,1.9,401470,22M,"1,000,000+",Paid,$15.72,Teen,3.1
App_281,FAMILY,3.9,269170,79M,"1,000+",Paid,$10.7,Teen,2.5
App_282,GAME,,451387,6M,"5,000,000+",Free,$0,Mature 17+,3.8
App_283,GAME,3.3,399019,82M,"100,000+",Free,$0,Everyone,4.2
App_284,PRODUCTIVITY,,238048,33M,"1,000,000+",Free,$0,Mature 17+,3.6
App_285,PRODUCTIVITY,3.7,451498,11M,"1,000+",Free,$0,Everyone,1.3
App_286,TOOLS,5.0,308122,48M,"1,000,000+",Free,$0,Everyone 10+,2.2
App_287,BUSINESS,,300496,82M,"5,000,000+",Free,$0,Everyone 10+,1.8
App_288,FINANCE,4.5,182250,87M,"5,000,000+",Paid,$8.49,Mature 17+,2.2
App_289,BUSINESS,1.2,279077,54M,"1,000+",Free,$0,Mature 17+,
App_290,PRODUCTIVITY,,266367,53M,"1,000,000+",Paid,$14.06,Everyone,4.1
App_291,FINANCE,4.8,213676,17M,"1,000,000+",Free,$0,Mature 17+,1.3
App_292,FAMILY,3.7,413533,16M,"1,000+",Free,$0,Teen,2.4
App_293,FAMILY,4.2,386731,7M,"5,000,000+",Free,$0,Everyone 10+,4.8
App_294,FINANCE,3.3,186750,7M,"1,000,000+",Free,$0,Everyone,4.0
App_295,MEDICAL,2.8,240863,67M,"5,000,000+",Free,$0,Teen,1.6
App_296,BUSINESS,,112227,5M,"1,000,000+",Free,$0,Everyone 10+,2.8
App_297,GAME,1.8,239987,25M,"50,000+",Free,$0,Everyone 10+,1.7
App_298,BUSINESS,3.7,74228,47M,"1,000,000+",Free,$0,Teen,3.8
App_299,FINANCE,,370426,84M,"1,000,000+",Free,$0,Mature 17+,2.5
App_300,TOOLS,2.4,414851,69M,"50,000+",Free,$0,Teen,2.2
App_301,FINANCE,2.9,393718,Varies with device,"1,000+",Paid,$19.89,Teen,4.5
App_302,GAME,4.8,293433,59M,"50,000+",Free,$0,Mature 17+,1.1
App_303,TOOLS,1.9,387035,4M,"1,000,000+",Free,$0,Everyone 10+,1.4
App_304,FAMILY,2.6,412019,96M,"1,000,000+",Free,$0,Everyone,1.3
App_305,FAMILY,3.0,77970,36M,"5,000,000+",Free,$0,Mature 17+,3.4
App_306,FAMILY,4.4,436689,22M,"5,000,000+",Free,$0,Everyone,1.3
App_307,GAME,5.0,55851,32M,"1,000+",Free,$0,Everyone,4.4
App_308,FINANCE,4.8,413284,17M,"50,000+",Free,$0,Everyone,3.1
App_309,BUSINESS,4.6,155811,87M,"50,000+",Free,$0,Everyone,
App_310,FAMILY,1.6,457729,93M,"1,000,000+",Free,$0,Everyone 10+,1.2
App_311,BUSINESS,2.1,99013,71M,"50,000+",Free,$0,Everyone,3.3
App_312,MEDICAL,1.8,257937,19M,"1,000,000+",Free,$0,Everyone 10+,3.2
App_313,PRODUCTIVITY,1.4,372004,61M,"1,000,000+",Free,$0,Mature 17+,4.2
App_314,FAMILY,3.2,7425,69M,"5,000,000+",Free,$0,Everyone,4.5
App_315,FINANCE,,239251,38M,"5,000,000+",Free,$0,Everyone 10+,2.3
App_316,BUSINESS,3.9,45485,69M,"5,000,000+",Free,$0,Teen,1.8
App_317,TOOLS,1.5,217593,39M,"5,000,000+",Free,$0,Mature 17+,3.6
App_318,MEDICAL,1.1,424107,9M,"1,000+",Free,$0,Teen,1.3
App_319,BUSINESS,1.5,142190,65M,"1,000+",Free,$0,Everyone,4.1
App_320,MEDICAL,2.8,412682,39M,"5,000,000+",Free,$0,Everyone,
App_321,GAME,2.4,168207,3M,"1,000+",Free,$0,Mature 17+,1.6
App_322,GAME,2.9,347245,68M,"50,000+",Paid,$15.85,Everyone 10+,
App_323,FAMILY,4.4,439040,59M,"5,000,000+",Free,$0,Everyone,4.2
App_324,PRODUCTIVITY,3.9,393615,64M,"100,000+",Free,$0,Mature 17+,2.8
App_325,BUSINESS,3.5,91659,57M,"5,000,000+",Paid,$6.93,Everyone 10+,4.6
App_326,TOOLS,2.0,409425,Varies with device,"1,000+",Paid,$8.41,Everyone,1.5
App_327,GAME,4.5,154702,Varies with device,"100,000+",Free,$0,Teen,3.5
App_328,PRODUCTIVITY,,339943,68M,"1,000+",Free,$0,Teen,3.6
App_329,TOOLS,3.4,22941,82M,"50,000+",Free,$0,Mature 17+,1.0
App_330,FAMILY,1.5,156999,82M,"50,000+",Free,$0,Everyone,4.6
App_331,TOOLS,3.1,210732,24M,"50,000+",Free,$0,Teen,3.5
App_332,BUSINESS,1.4,195701,99M,"50,000+",Free,$0,Teen,2.8
App_333,GAME,3.3,430189,2M,"5,000,000+",Free,$0,Everyone 10+,2.4
App_334,MEDICAL,4.8,387998,22M,"1,000,000+",Free,$0,Everyone,1.0
App_335,PRODUCTIVITY,2.0,253101,10M,"1,000,000+",Free,$0,Teen,4.5
App_336,FINANCE,,82299,50M,"100,000+",Free,$0,Everyone,4.3
App_337,PRODUCTIVITY,2.8,199580,17M,"100,000+",Free,$0,Teen,1.7
App_338,MEDICAL,4.5,325097,63M,"1,000+",Free,$0,Everyone,2.7
App_339,TOOLS,3.9,181571,16M,"50,000+",Free,$0,Everyone 10+,2.2
App_340,BUSINESS,3.2,372407,65M,"100,000+",Free,$0,Everyone 10+,1.8
App_341,PRODUCTIVITY,3.2,234874,97M,"5,000,000+",Free,$0,Mature 17+,2.5
App_342,FAMILY,3.1,431732,92M,"50,000+",Free,$0,Teen,2.8
App_343,PRODUCTIVITY,3.0,101958,88M,"1,000,000+",Free,$0,Everyone,2.5
App_344,FAMILY,4.7,275806,5M,"1,000+",Free,$0,Everyone,3.3
App_345,TOOLS,,12366,Varies with device,"1,000,000+",Free,$0,Mature 17+,1.4
App_346,PRODUCTIVITY,4.3,465058,46M,"5,000,000+",Free,$0,Teen,2.6
App_347,GAME,4.6,17423,35M,"1,000+",Free,$0,Teen,4.6
App_348,TOOLS,1.1,190930,37M,"5,000,000+",Free,$0,Mature 17+,3.0
App_349,MEDICAL,,479691,18M,"1,000+",Free,$0,Teen,2.2
App_350,FINANCE,3.5,483452,73M,"50,000+",Free,$0,Teen,3.5
App_351,MEDICAL,1.9,102821,9M,"1,000+",Free,$0,Everyone 10+,4.0
App_352,PRODUCTIVITY,2.6,187135,93M,"5,000,000+",Free,$0,Everyone,1.6
App_353,FAMILY,1.5,130851,7M,"50,000+",Free,$0,Everyone,2.0
App_354,TOOLS,,50950,29M,"5,000,000+",Free,$0,Teen,1.5
App_355,BUSINESS,4.0,384102,80M,"1,000+",Free,$0,Everyone 10+,3.2
App_356,TOOLS,4.5,5004,Varies with device,"1,000+",Free,$0,Everyone 10+,2.7
App_357,FINANCE,1.7,169841,92M,"1,000,000+",Free,$0,Everyone,1.5
App_358,MEDICAL,4.8,485107,83M,"100,000+",Free,$0,Mature 17+,3.3
App_359,TOOLS,1.2,392680,91M,"100,000+",Free,$0,Mature 17+,4.1
App_360,PRODUCTIVITY,,316473,Varies with device,"1,000+",Free,$0,Everyone,2.6
App_361,FAMILY,1.1,382172,29M,"100,000+",Free,$0,Everyone,2.0
App_362,MEDICAL,2.7,45923,86M,"50,000+",Free,$0,Everyone,2.7
App_363,TOOLS,3.4,272779,76M,"50,000+",Free,$0,Everyone 10+,2.1
App_364,FAMILY,4.3,373403,62M,"1,000+",Free,$0,Teen,1.0
App_365,FINANCE,1.8,261507,27M,"1,000,000+",Free,$0,Teen,3.3
App_366,MEDICAL,4.1,442371,76M,"1,000+",Free,$0,Everyone,2.5
App_367,PRODUCTIVITY,2.0,370190,46M,"50,000+",Free,$0,Everyone,3.7
App_368,MEDICAL,5.0,422127,Varies with device,"100,000+",Free,$0,Everyone,4.3
App_369,BUSINESS,4.0,104937,67M,"5,000,000+",Free,$0,Everyone 10+,
App_370,PRODUCTIVITY,4.8,469460,54M,"100,000+",Paid,$2.51,Everyone,2.7
App_371,FAMILY,2.2,327360,58M,"100,000+",Free,$0,Everyone,2.2
App_372,GAME,,71206,43M,"50,000+",Free,$0,Everyone 10+,4.2
App_373,MEDICAL,4.7,465600,63M,"100,000+",Free,$0,Everyone,4.5
App_374,GAME,4.8,418839,Varies with device,"100,000+",Free,$0,Everyone 10+,2.7
App_375,MEDICAL,3.5,298336,89M,"1,000+",Paid,$11.53,Everyone,4.0
App_376,MEDICAL,1.2,61179,93M,"50,000+",Paid,$15.79,Everyone 10+,3.7
App_377,FINANCE,4.6,498853,94M,"5,000,000+",Free,$0,Everyone,2.3
App_378,FINANCE,3.4,284593,20M,"5,000,000+",Free,$0,Teen,4.3
App_379,MEDICAL,3.6,215568,59M,"100,000+",Free,$0,Mature 17+,1.2
App_380,TOOLS,,115955,95M,"1,000+",Free,$0,Everyone 10+,2.3
App_381,BUSINESS,,5760,17M,"50,000+",Free,$0,Everyone 10+,2.1
App_382,MEDICAL,1.9,485661,Varies with device,"50,000+",Paid,$9.32,Mature 17+,2.8
App_383,BUSINESS,4.2,352375,93M,"1,000,000+",Free,$0,Mature 17+,1.3
App_384,PRODUCTIVITY,4.6,300379,88M,"50,000+",Free,$0,Everyone 10+,4.4
App_385,FINANCE,2.2,190369,60M,"1,000+",Free,$0,Everyone 10+,1.6
App_386,FAMILY,2.5,224031,48M,"50,000+",Free,$0,Mature 17+,2.6
App_387,MEDICAL,4.1,479281,91M,"5,000,000+",Free,$0,Mature 17+,4.5
App_388,TOOLS,1.5,151609,55M,"1,000,000+",Free,$0,Mature 17+,1.0
App_389,GAME,3.3,390146,14M,"1,000,000+",Free,$0,Mature 17+,4.5
App_390,MEDICAL,1.7,337639,3M,"5,000,000+",Free,$0,Mature 17+,1.5
App_391,MEDICAL,1.6,156887,10M,"100,000+",Free,$0,Mature 17+,3.4
App_392,FINANCE,1.1,354600,84M,"1,000,000+",Paid,$17.53,Teen,4.0
App_393,FINANCE,3.2,182230,Varies with device,"50,000+",Free,$0,Everyone 10+,
App_394,FINANCE,4.7,197752,39M,"5,000,000+",Free,$0,Everyone,3.1
App_395,FINANCE,3.4,197488,93M,"50,000+",Free,$0,Everyone,4.6
App_396,GAME,3.5,357586,95M,"5,000,000+",Paid,$1.65,Everyone,1.5
App_397,MEDICAL,1.1,275563,32M,"1,000,000+",Free,$0,Teen,4.7
App_398,TOOLS,2.5,232689,11M,"100,000+",Free,$0,Everyone,1.4
App_399,PRODUCTIVITY,4.7,176479,Varies with device,"5,000,000+",Free,$0,Everyone 10+,1.0
App_400,TOOLS,2.2,224414,63M,"100,000+",Free,$0,Everyone 10+,3.7
App_401,FINANCE,3.5,78126,68M,"50,000+",Free,$0,Mature 17+,4.0
App_402,GAME,2.7,202844,99M,"100,000+",Free,$0,Teen,4.0
App_403,MEDICAL,4.8,235899,27M,"1,000+",Free,$0,Mature 17+,4.6
App_404,FINANCE,4.7,267852,73M,"50,000+",Free,$0,Mature 17+,3.7
App_405,PRODUCTIVITY,,19748,Varies with device,"100,000+",Free,$0,Everyone,3.1
App_406,MEDICAL,4.6,121997,55M,"1,000+",Free,$0,Teen,2.4
App_407,GAME,4.3,13790,97M,"1,000,000+",Free,$0,Everyone 10+,2.3
App_408,MEDICAL,1.7,25474,70M,"1,000+",Paid,$5.13,Everyone 10+,2.4
App_409,BUSINESS,3.1,450761,10M,"1,000+",Free,$0,Mature 17+,1.4
App_410,FAMILY,2.9,243777,Varies with device,"5,000,000+",Free,$0,Everyone 10+,1.7
App_411,BUSINESS,4.5,170101,90M,"5,000,000+",Free,$0,Everyone 10+,1.5
App_412,BUSINESS,2.0,293571,34M,"1,000,000+",Paid,$10.94,Teen,3.0
App_413,GAME,3.8,165299,81M,"100,000+",Free,$0,Mature 17+,1.0
App_414,FINANCE,1.3,78682,45M,"100,000+",Free,$0,Everyone 10+,3.5
App_415,PRODUCTIVITY,2.8,271614,60M,"5,000,000+",Free,$0,Everyone,2.4
App_416,FAMILY,1.6,161225,4M,"1,000+",Free,$0,Teen,4.6
App_417,MEDICAL,4.8,148469,35M,"100,000+",Free,$0,Everyone 10+,4.7
App_418,PRODUCTIVITY,4.6,443451,32M,"1,000,000+",Free,$0,Teen,1.3
App_419,TOOLS,,96153,Varies with device,"5,000,000+",Free,$0,Mature 17+,3.2
App_420,FINANCE,4.9,59560,45M,"50,000+",Free,$0,Mature 17+,3.8
App_421,TOOLS,,27887,69M,"5,000,000+",Free,$0,Mature 17+,2.6
App_422,PRODUCTIVITY,,255937,4M,"5,000,000+",Free,$0,Mature 17+,3.7
App_423,FAMILY,2.2,189661,63M,"100,000+",Free,$0,Everyone 10+,4.3
App_424,GAME,2.4,312031,35M,"1,000+",Free,$0,Mature 17+,1.2
App_425,GAME,3.6,245994,73M,"50,000+",Free,$0,Everyone 10+,4.6
App_426,FINANCE,1.5,482561,25M,"50,000+",Free,$0,Everyone,2.6
App_427,MEDICAL,,419159,48M,"50,000+",Paid,$5.45,Everyone,1.6
App_428,MEDICAL,2.1,39179,42M,"50,000+",Paid,$1.74,Everyone,
App_429,TOOLS,,1891,57M,"1,000,000+",Free,$0,Everyone 10+,
App_430,BUSINESS,3.3,136959,59M,"100,000+",Free,$0,Everyone 10+,3.6
App_431,FINANCE,1.4,409750,17M,"5,000,000+",Free,$0,Mature 17+,1.3
App_432,BUSINESS,,490680,30M,"50,000+",Free,$0,Mature 17+,1.2
App_433,MEDICAL,3.1,483100,21M,"5,000,000+",Free,$0,Mature 17+,1.5
App_434,MEDICAL,2.6,41753,54M,"1,000,000+",Free,$0,Everyone 10+,1.5
App_435,PRODUCTIVITY,2.3,95608,19M,"1,000,000+",Free,$0,Everyone,4.3
App_436,FAMILY,1.6,154247,22M,"50,000+",Paid,$19.8,Everyone,2.6
App_437,BUSINESS,4.2,340140,61M,"100,000+",Free,$0,Mature 17+,4.1
App_438,FAMILY,3.3,475289,39M,"5,000,000+",Free,$0,Mature 17+,3.4
App_439,BUSINESS,3.1,189333,Varies with device,"1,000+",Free,$0,Mature 17+,4.4
App_440,FAMILY,3.4,179981,26M,"100,000+",Free,$0,Everyone 10+,3.2
App_441,FAMILY,4.8,352058,60M,"1,000,000+",Free,$0,Everyone,
App_442,FAMILY,1.9,369494,42M,"5,000,000+",Free,$0,Everyone,4.1
App_443,TOOLS,,356697,90M,"1,000+",Free,$0,Mature 17+,2.8
App_444,FAMILY,,200427,39M,"1,000,000+",Free,$0,Everyone 10+,4.5
App_445,TOOLS,4.2,244939,Varies with device,"1,000,000+",Free,$0,Mature 17+,4.4
App_446,FAMILY,4.4,190177,58M,"1,000,000+",Free,$0,Teen,4.5
App_447,FINANCE,5.0,53697,33M,"5,000,000+",Free,$0,Teen,3.4
App_448,BUSINESS,1.5,454384,Varies with device,"1,000,000+",Free,$0,Everyone,1.6
App_449,FINANCE,1.4,418482,44M,"50,000+",Free,$0,Everyone 10+,4.0
App_450,PRODUCTIVITY,2.4,372828,62M,"5,000,000+",Free,$0,Everyone 10+,1.5
App_451,MEDICAL,2.5,341942,91M,"1,000+",Free,$0,Everyone,3.6
App_452,MEDICAL,2.6,14399,99M,"1,000,000+",Free,$0,Everyone,1.0
App_453,GAME,4.4,69649,51M,"1,000+",Free,$0,Everyone 10+,4.3
App_454,PRODUCTIVITY,4.2,147708,91M,"5,000,000+",Free,$0,Everyone,
App_455,FINANCE,3.0,454495,72M,"1,000,000+",Free,$0,Teen,2.6
App_456,TOOLS,4.1,195009,Varies with device,"100,000+",Free,$0,Everyone 10+,3.5
App_457,FAMILY,3.8,492471,42M,"1,000,000+",Free,$0,Mature 17+,4.5
App_458,MEDICAL,3.6,453965,26M,"1,000,000+",Free,$0,Everyone,1.7
App_459,GAME,4.3,167487,4M,"100,000+",Free,$0,Everyone 10+,3.5
App_460,GAME,1.5,302629,57M,"50,000+",Free,$0,Everyone,4.2
App_461,FINANCE,1.4,18167,93M,"5,000,000+",Paid,$17.77,Everyone 10+,
App_462,TOOLS,2.8,172285,64M,"1,000+",Free,$0,Teen,1.8
App_463,FAMILY,3.4,307590,91M,"1,000,000+",Free,$0,Mature 17+,2.3
App_464,GAME,3.8,312589,94M,"50,000+",Free,$0,Everyone 10+,4.2
App_465,BUSINESS,1.3,234788,18M,"1,000,000+",Free,$0,Mature 17+,3.3
App_466,PRODUCTIVITY,,495929,48M,"1,000+",Free,$0,Teen,2.3
App_467,FAMILY,1.8,104710,58M,"50,000+",Free,$0,Everyone,4.7
App_468,FINANCE,2.7,139015,42M,"1,000+",Paid,$15.92,Teen,
App_469,GAME,1.1,26150,62M,"5,000,000+",Free,$0,Mature 17+,
App_470,BUSINESS,,411916,82M,"1,000,000+",Free,$0,Teen,3.3
App_471,TOOLS,2.4,432742,Varies with device,"50,000+",Free,$0,Teen,3.8
App_472,PRODUCTIVITY,4.8,421783,96M,"1,000,000+",Paid,$10.08,Teen,4.4
App_473,MEDICAL,2.1,339396,39M,"50,000+",Paid,$9.38,Everyone 10+,2.2
App_474,FINANCE,4.4,97638,8M,"50,000+",Paid,$10.6,Everyone,
App_475,MEDICAL,5.0,256018,77M,"5,000,000+",Paid,$2.85,Teen,2.7
App_476,GAME,1.2,206324,72M,"1,000+",Paid,$4.22,Everyone,2.8
App_477,BUSINESS,5.0,473080,25M,"50,000+",Free,$0,Everyone 10+,2.8
App_478,BUSINESS,2.6,86136,96M,"1,000,000+",Free,$0,Mature 17+,2.2
App_479,FAMILY,3.9,241081,45M,"5,000,000+",Free,$0,Mature 17+,3.1
App_480,FAMILY,1.4,331960,77M,"50,000+",Free,$0,Everyone 10+,3.6
App_481,PRODUCTIVITY,4.8,80438,65M,"100,000+",Free,$0,Teen,2.2
App_482,FAMILY,2.1,484036,28M,"100,000+",Paid,$4.43,Everyone,2.2
App_483,FINANCE,3.1,284991,Varies with device,"1,000,000+",Free,$0,Mature 17+,4.6
App_484,MEDICAL,2.7,28766,65M,"100,000+",Free,$0,Everyone 10+,4.1
App_485,MEDICAL,3.6,359024,45M,"1,000,000+",Free,$0,Everyone 10+,3.6
App_486,FAMILY,,232079,57M,"5,000,000+",Free,$0,Mature 17+,1.6
App_487,BUSINESS,2.7,241050,66M,"1,000+",Free,$0,Everyone,1.5
App_488,FINANCE,,476823,3M,"5,000,000+",Free,$0,Mature 17+,
App_489,GAME,1.5,312364,25M,"5,000,000+",Free,$0,Teen,1.1
App_490,PRODUCTIVITY,2.7,447001,73M,"1,000+",Free,$0,Everyone,4.7
App_491,MEDICAL,2.7,237622,70M,"1,000+",Paid,$2.66,Teen,1.3
App_492,FAMILY,2.6,423250,4M,"1,000+",Free,$0,Teen,4.2
App_493,GAME,2.8,66333,2M,"5,000,000+",Free,$0,Teen,1.8
App_494,TOOLS,,7543,Varies with device,"5,000,000+",Paid,$18.15,Teen,4.4
App_495,FAMILY,1.2,32976,56M,"1,000,000+",Free,$0,Mature 17+,1.6
App_496,PRODUCTIVITY,4.1,479232,31M,"50,000+",Free,$0,Everyone 10+,2.8
App_497,PRODUCTIVITY,3.5,159104,58M,"100,000+",Free,$0,Teen,1.2
App_498,FINANCE,2.1,99704,88M,"1,000+",Free,$0,Everyone,3.6
App_499,FINANCE,4.8,384528,Varies with device,"1,000+",Paid,$10.23,Mature 17+,2.3
App_500,TOOLS,2.2,238550,10M,"50,000+",Free,$0,Teen,3.5
App_1,MEDICAL,1.7,119889,83M,"100,000+",Free,$0,Everyone,4.2
App_2,FINANCE,,321889,38M,"50,000+",Free,$0,Everyone,2.5
App_3,PRODUCTIVITY,2.2,156740,92M,"1,000,000+",Free,$0,Teen,2.2
App_4,BUSINESS,3.4,273548,7M,"5,000,000+",Free,$0,Teen,4.1
App_5,FAMILY,1.4,124253,60M,"1,000,000+",Free,$0,Everyone 10+,1.3
App_6,FAMILY,2.2,208271,4M,"5,000,000+",Free,$0,Teen,2.3
App_7,FINANCE,2.3,40407,62M,"5,000,000+",Free,$0,Teen,4.8
App_8,BUSINESS,2.1,38054,65M,"1,000+",Free,$0,Mature 17+,4.7
App_9,MEDICAL,3.8,13996,5M,"50,000+",Free,$0,Everyone,1.7
App_10,BUSINESS,1.3,297376,37M,"100,000+",Free,$0,Teen,1.2
App_11,PRODUCTIVITY,4.4,214030,14M,"100,000+",Free,$0,Everyone 10+,4.2
App_12,MEDICAL,2.9,185350,94M,"5,000,000+",Free,$0,Everyone,1.3
App_13,PRODUCTIVITY,,337604,28M,"50,000+",Free,$0,Teen,2.3
App_14,FINANCE,2.3,75776,62M,"1,000+",Free,$0,Everyone 10+,4.8
App_15,TOOLS,,21969,62M,"5,000,000+",Free,$0,Teen,3.5
